id,quote,language,tone
1,"Parenthood is the hardest but most important thing that you will ever do.","en","inspirational"
2,"For whoever needs to hear this today: Mama, you are enough.","en","reassuring"
3,"Today she is a pain, but someday she will be your best friend.","en","sentimental"
4,"Parenting is a rollercoaster. Sometimes it is terrifying, but other times it is a thrill.","en","reflective"
5,"The road of parenthood is always worth traveling down.","en","inspirational"
6,"Nothing will inspire a parent to try harder and do better than a single look at their child.","en","inspirational"
7,"Even in the darkest days, try to remember that the days are long, but the years are short.","en","reassuring"
8,"Make memories today so they will cherish them when they are grown.","en","sentimental"
9,"Tell your children you love them every single day. They need to hear it more than you think.","en","encouraging"
10,"When it comes to parenting, remember that you are your own toughest critic.","en","reassuring"
11,"Give your children the tools they need to become the person that they dream of being.","en","inspirational"
12,"Whoever said, ""Never let a child see you cry"" was obviously not a parent.","en","humorous"
13,"A parent's heart has endless corners and boundless love.","en","sentimental"
14,"Even in your lowest moments, your child thinks that you are everything.","en","reassuring"
15,"They won't remember clean floors and perfectly folded laundry. They will remember the smiles, the laughter, and the love.","en","sentimental"
16,"Life is full of regret, but you will never regret giving your kids your love and attention.","en","reflective"
17,"When you feel like you are giving them nothing: Remember that you have always given them roots and wings.","en","reassuring"
18,"Perfect doesn't exist in parenting, and that is okay.","en","reassuring"
19,"You will feel every emotion possible in parenthood. Embrace the experience.","en","encouraging"
20,"No one gets a trophy in parenthood. Just do your best.","en","reassuring"
21,"What doesn't kill you will make you stronger. Hold out hope for the latter.","en","humorous"
22,"Being a parent suddenly means wanting to call your own parents every day just to say sorry.","en","humorous"
23,"The Lord makes babies cute so that you already cherish them by the time they become teenagers.","en","humorous"
24,"A parent doesn't realise their emotional strength until their child becomes a teenager.","en","humorous"
25,"If you want to get your kids' attention, pretend to be asleep.","en","humorous"
26,"Parenthood is a walk in the park... except the park is like Jurassic Park.","en","humorous"
27,"If you question your love for them, remember how many times you consciously chose not to vacuum up all of their Lego bricks. See, that is love.","en","humorous"
28,"Who knew that pregnancy was actually the easy part?","en","humorous"
29,"In parenthood, you don't have to do everything right, just pick like five things.","en","humorous"
30,"Being a parent means realising that bathrooms are for hiding in.","en","humorous"
31,"No matter what you do in parenting, try to remember...children can smell fear.","en","humorous"
32,"Giving birth to your mini-me is both a blessing and a curse.","en","humorous"
33,"If you are wondering when you will ever get time to get anything done, the answer is in eighteen years.","en","humorous"
34,"If the kids are alive at the end of the day, pat yourself on the back. You did good.","en","humorous"
35,"Step-parenting shows a child that somebody chooses them every single day.","en","heartfelt"
36,"If parenting is a race, being a step-parent is the ultimate marathon. Pace yourself and you'll cross the finish line.","en","encouraging"
37,"No one knows perseverance like a step-parent.","en","admiring"
38,"If they gave out awards for parents, step-parents would win the Best Effort Award every time.","en","appreciative"
39,"To watch a bond grow between a step-parent and step-child is a beautiful experience.","en","sentimental"
40,"Being a step-parent proves that DNA doesn't make a parent, love does.","en","heartfelt"
41,"She doesn't have your eyes, but she will grow up to have your heart.","en","sentimental"
42,"You weren't there in the beginning, but heaven knows that you will be there in the end.","en","heartfelt"
43,"There is no ""step"" or ""half"" only ""family.""","en","inclusive"
44,"You are giving them a bonus parent, and that is an incredible gift.","en","appreciative"
45,"Children can never have too much love.","en","heartfelt"
46,"They might not show it now, but someday they will be grateful that you loved them every day.","en","reassuring"
47,"Teach them that they are a bonus, not a burden.","en","encouraging"
48,"You are cut from different fabrics, but together you make the most beautiful cloth.","en","sentimental"
49,"Last names mean nothing. Love, patience, and understanding mean everything.","en","heartfelt"
50,"You can't convince a step-child that you will never leave, but you can show up every day.","en","reflective"
51,"Step-parenting is exactly like biological parenting, except with ten times the blame and none of the credit.","en","humorous"
52,"Your child doesn't need a perfect mother, she just needs a loving one.","en","reassuring"
53,"Mom, you are a wonder. To share love between all of your children while making them each feel like the centre of your universe, that is a talent!","en","admiring"
54,"Working mothers refer to every single mother. Not one of them isn't working every second of every day.","en","appreciative"
55,"She is tired, but still, she continues.","en","inspirational"
56,"All mothers believe that they have the most beautiful child in the world. They are all correct.","en","heartfelt"
57,"Hang in there. You can get your mommy revenge by finishing off all the cookies after the kids go to sleep.","en","humorous"
58,"You don't have to be any ""kind"" of mom. Write your own rules.","en","empowering"
59,"If you eat every meal over the sink, then you might be a mom.","en","humorous"
60,"In being a mother, you have the hardest, most important job in the world.","en","appreciative"
61,"In case anyone hasn't told you this lately: You are enough mom.","en","reassuring"
62,"Motherhood reminds us that the hardest things in life are worth doing.","en","inspirational"
63,"Even when you are so tired you could cry, you carry on. This is why mothers are the strongest people alive.","en","admiring"
64,"She asks for nothing and gives everything. Her name is mom.","en","sentimental"
65,"The very definition of sacrifice is ""mother.""","en","appreciative"
66,"With a mom by your side, everything feels possible.","en","uplifting"
67,"If she says she doesn't need her father, she is lying.","en","sentimental"
68,"Hold her hand tight now because someday you will place her hand into someone else's care.","en","sentimental"
69,"She has ravaged your heart, your credit card, and your sanity, and your unwavering love for her is a testament to what a great father you are.","en","humorous"
70,"She will always need you, even if it is to come over and deal with a leaky sink.","en","sentimental"
71,"When you feel her slipping away, remember that she loved you first.","en","sentimental"
72,"Raise her every day to expect a man to treat her like a Queen.","en","encouraging"
73,"Teach them how to be loved every single day.","en","heartfelt"
74,"Someday they will grow up to appreciate all of your hard work.","en","reassuring"
75,"Believe in your children and know that you have given them a great gift.","en","encouraging"
76,"Be the example for your kids of what you want them to become.","en","inspirational"
77,"You are the mirror that he will use until he is grown.","en","reflective"
78,"Of all the things you have done in your life, know that raising your children was your greatest accomplishment.","en","inspirational"
79,"You are flawed to the world, but you are perfect to your child.","en","reassuring"
80,"When you feel as if you can't continue, look at your child and carry on.","en","encouraging"
81,"Having twins means double the love, divide the sleep.","en","humorous"
82,"If all you did was keep your twins alive today, you did good.","en","reassuring"
83,"Twin moms run on love and coffee.","en","humorous"
84,"Raising multiples puts you in a superhuman category.","en","admiring"
85,"You parent multiples, you can do anything.","en","empowering"
86,"Being a twin mom won't be the easiest thing you ever did, but it will be the best.","en","inspirational"
87,"If you have multiples, you are a superhero. You can stop trying now.","en","humorous"
88,"Parents of multiples know the true meaning of adorable, blessed, and exhausted.","en","humorous"
89,"Nothing can prepare you for parenting multiples. Just do your best.","en","reassuring"
90,"No one is up for a challenge like a parent of a multiple.","en","admiring"
91,"The world doesn't give you a prize for raising multiples, but it should!","en","appreciative"
92,"Never doubt your ability to parent your multiples.","en","encouraging"
93,"The Lord only gives us what we can handle...that saying doesn't account for multiples.","en","humorous"
94,"Nothing can scare you now. You are a parent of multiples.","en","empowering"
95,"No one multitasks like a parent of twins. You can use this in future resumes.","en","humorous"
96,"To the parents of multiples, remember only four words: You can do this.","en","encouraging"
97,"Parents of twins have full hands and fuller hearts.","en","heartfelt"
98,"Parenting multiples is like having your very own secret club.","en","playful"
99,"It's okay to feel like you are not doing enough. Know that you are. Know that you are loved. Know that it takes a special person to do this job.","en","reassuring"
100,"Should you ever question what you are capable of, just think back to the day you gave birth to twins.","en","empowering"
101,"The thing about parenting rules is there aren't any. That's what makes it so difficult. — Ewan McGregor","en","reflective"
102,"We may not be able to prepare the future for our children, but we can at least prepare our children for the future. — Franklin D. Roosevelt","en","inspirational"
103,"You're always going to wonder if you're doing things wrong. But that's what it means to be a mom, to care so much about someone else that you just want to be as perfect as possible. — Naya Rivera","en","reflective"
104,"Children are apt to live up to what you believe of them. — Lady Bird Johnson","en","inspirational"
105,"Do what you feel in your heart to be right. You'll be criticised either way. — Eleanor Roosevelt","en","empowering"
106,"[He] has been there for the hard stuff. The trust that I got from him in terms of his dependability was just priceless for me. — Kate Hudson","en","appreciative"
107,"Men are what their mothers made them. — Ralph Waldo Emerson","en","reflective"
108,"Becoming a mom to me means that you have accepted that for the next 16 years of your life, you will have a sticky purse. — Nia Vardalos","en","humorous"
109,"Cleaning your house while your kids are still growing up is like shoveling the sidewalk before it stops snowing. — Phyllis Diller","en","humorous"
110,"I believe the choice to become a mother is the choice to become one of the greatest spiritual teachers there is. — Oprah","en","inspirational"
